bostad_id,pris,avgift,kvadratmeterpris,pris_per_kvm,valuta
1,11411993,4177,105666,105667.0,SEK
2,6959222,2820,50429,50429.0,SEK
3,10345,0,0,138.0,SEK
4,3484199,3983,50495,50496.0,SEK
5,7077,0,0,168.0,SEK
6,5255,0,0,138.0,SEK
7,2932247,4661,44427,44428.0,SEK
8,1367041,1837,50631,50631.0,SEK
9,3767760,4204,67281,67281.0,SEK
10,6498013,3567,51984,51984.0,SEK
11,9242,0,0,134.0,SEK
12,1051827,2364,45731,45732.0,SEK
13,988933,1054,54940,54941.0,SEK
14,4482106,1682,59761,59761.0,SEK
15,3729031,3995,51792,51792.0,SEK
16,4014724,3387,51470,51471.0,SEK
17,5722,0,0,130.0,SEK
18,24526,0,0,170.0,SEK
19,5996431,4911,74030,74030.0,SEK
20,3361186,4290,32011,32011.0,SEK
21,5418659,3061,51606,51606.0,SEK
22,1794194,2503,32039,32039.0,SEK
23,5699287,5104,52771,52771.0,SEK
24,4036388,2148,84091,84091.0,SEK
25,5555098,4131,66132,66132.0,SEK
26,1795052,4350,33241,33242.0,SEK
27,6582,0,0,127.0,SEK
28,2338350,1901,61535,61536.0,SEK
29,7393296,12538,44007,44008.0,SEK
30,5514655,2808,131301,131301.0,SEK
31,3483,0,0,145.0,SEK
32,4166242,2408,55549,55550.0,SEK
33,4647224,4480,32272,32272.0,SEK
34,5743548,2286,42544,42545.0,SEK
35,3891576,2708,102409,102410.0,SEK
36,1367480,2489,35986,35986.0,SEK
37,757326,849,37866,37866.0,SEK
38,2494443,1862,118783,118783.0,SEK
39,708191,1153,37273,37273.0,SEK
40,11588653,2540,103470,103470.0,SEK
41,19092,0,0,170.0,SEK
42,3997373,1572,39973,39974.0,SEK
43,5457359,7546,45477,45478.0,SEK
44,13012978,1505,120490,120491.0,SEK
45,16013034,8186,128104,128104.0,SEK
46,7493782,4443,78881,78882.0,SEK
47,8442,0,0,151.0,SEK
48,21282713,9555,131374,131375.0,SEK
49,11571,0,0,121.0,SEK
50,3410008,2577,65577,65577.0,SEK
51,11110227,4043,84168,84168.0,SEK
52,14564,0,0,140.0,SEK
53,1207478,1551,46441,46441.0,SEK
54,15878757,4428,132322,132323.0,SEK
55,12902,0,0,129.0,SEK
56,8536,0,0,164.0,SEK
57,3581633,6079,44217,44218.0,SEK
58,13989,0,0,130.0,SEK
59,17256624,2009,127826,127827.0,SEK
60,12675601,3281,120720,120720.0,SEK
61,5629921,3965,39096,39097.0,SEK
62,16225315,8540,128772,128772.0,SEK
63,5464461,2235,124192,124192.0,SEK
64,4005,0,0,154.0,SEK
65,7565507,3463,99546,99546.0,SEK
66,1543176,3025,67094,67095.0,SEK
67,4486,0,0,160.0,SEK
68,11732,0,0,140.0,SEK
69,4530110,2002,83890,83891.0,SEK
70,5541950,3929,69274,69274.0,SEK
71,5933039,8006,52044,52044.0,SEK
72,4122858,4387,50899,50899.0,SEK
73,3498474,1767,92065,92065.0,SEK
74,7931576,7590,79315,79316.0,SEK
75,998947,1514,47568,47569.0,SEK
76,2306527,2865,48052,48053.0,SEK
77,16461124,7930,131688,131689.0,SEK
78,3909,0,0,140.0,SEK
79,4900859,4290,51050,51051.0,SEK
80,6711344,3153,83891,83892.0,SEK
81,5257459,2167,40441,40442.0,SEK
82,2675282,2366,31848,31849.0,SEK
83,2360900,3404,51323,51324.0,SEK
84,2554380,1280,127719,127719.0,SEK
85,14545,0,0,121.0,SEK
86,5934,0,0,141.0,SEK
87,5740934,4831,68344,68344.0,SEK
88,15745305,7281,131210,131211.0,SEK
89,19941831,1713,127832,127832.0,SEK
90,3579802,2783,35798,35798.0,SEK
91,2332,0,0,123.0,SEK
92,11471140,7112,120748,120749.0,SEK
93,25028,0,0,160.0,SEK
94,889647,3421,31773,31773.0,SEK
95,7205323,9002,54585,54586.0,SEK
96,4665549,1708,41656,41657.0,SEK
97,4916735,2032,46826,46826.0,SEK
98,17812,0,0,148.0,SEK
99,2181484,2666,41951,41952.0,SEK
100,2146400,2310,119244,119244.0,SEK
101,8458310,2321,73550,73551.0,SEK
102,896517,4292,34481,34481.0,SEK
103,8116737,2626,50103,50103.0,SEK
104,11136853,1911,82495,82495.0,SEK
105,2088061,4312,99431,99431.0,SEK
106,5657790,2152,117870,117871.0,SEK
107,3018227,3571,58042,58043.0,SEK
108,4214335,7313,40136,40137.0,SEK
109,3435655,8155,31233,31233.0,SEK
110,1704015,3701,77455,77455.0,SEK
111,4102787,4037,41027,41028.0,SEK
112,13789033,6294,104462,104462.0,SEK
113,892107,3012,44605,44605.0,SEK
114,15111597,3850,116243,116243.0,SEK
115,3135,0,0,174.0,SEK
116,2562012,4455,34160,34160.0,SEK
117,3475870,3604,91470,91470.0,SEK
118,3962648,2454,44029,44029.0,SEK
119,3457,0,0,173.0,SEK
120,5862038,3371,108556,108556.0,SEK
121,4139297,3828,59989,59990.0,SEK
122,9102,0,0,169.0,SEK
123,3172546,4289,55658,55659.0,SEK
124,3020183,3348,45760,45760.0,SEK
125,19296,0,0,161.0,SEK
126,3936084,3947,48593,48594.0,SEK
127,2431965,1726,33777,33777.0,SEK
128,5177006,4253,47935,47935.0,SEK
129,12202086,9970,72631,72631.0,SEK
130,4460296,4414,49558,49559.0,SEK
131,9662416,2055,128832,128832.0,SEK
132,10458912,6107,74706,74707.0,SEK
133,7391,0,0,142.0,SEK
134,16223659,9555,103997,103998.0,SEK
135,11050,0,0,138.0,SEK
136,9613754,3912,104497,104497.0,SEK
137,2284093,3547,51911,51911.0,SEK
138,4104952,2750,48868,48868.0,SEK
139,4787965,4391,45599,45600.0,SEK
140,11003272,3924,95680,95681.0,SEK
141,17535,0,0,130.0,SEK
142,7463542,7970,51830,51830.0,SEK
143,4624118,3530,40562,40562.0,SEK
144,3690509,3309,51257,51257.0,SEK
145,2277968,2861,49521,49521.0,SEK
146,3513628,3780,130134,130134.0,SEK
147,5840,0,0,139.0,SEK
148,4097961,4181,46567,46568.0,SEK
149,3421880,4300,63368,63368.0,SEK
150,3547765,2775,39419,39420.0,SEK
151,4848645,1781,89789,89790.0,SEK
152,5228014,5075,52280,52280.0,SEK
153,8662323,2173,131247,131247.0,SEK
154,4254909,8563,37323,37324.0,SEK
155,25732,0,0,159.0,SEK
156,2676444,4104,70432,70433.0,SEK
157,5004439,2565,39717,39718.0,SEK
158,8023254,3006,60782,60782.0,SEK
159,3928324,6854,42699,42699.0,SEK
160,4615542,3811,52449,52449.0,SEK
161,2827399,2341,37698,37699.0,SEK
162,4619521,3926,46195,46195.0,SEK
163,9876432,2629,71568,71568.0,SEK
164,6645714,3004,118673,118673.0,SEK
165,10386,0,0,124.0,SEK
166,2282,0,0,120.0,SEK
167,4774989,4988,44212,44213.0,SEK
168,2775,0,0,146.0,SEK
169,5544587,3629,34225,34226.0,SEK
170,1431067,1287,79503,79504.0,SEK
171,2756,0,0,131.0,SEK
172,4102312,2250,31556,31556.0,SEK
173,3653518,4649,48713,48714.0,SEK
174,12104,0,0,175.0,SEK
175,3017171,2180,47891,47892.0,SEK
176,8330709,4441,51424,51424.0,SEK
177,3034245,2898,68960,68960.0,SEK
178,4189940,1978,104748,104748.0,SEK
179,1702074,2598,42551,42552.0,SEK
180,10248820,12501,63264,63264.0,SEK
181,6010699,6477,43555,43556.0,SEK
182,1167460,3137,48644,48644.0,SEK
183,5272090,4391,65087,65088.0,SEK
184,8730,0,0,139.0,SEK
185,14182,0,0,154.0,SEK
186,14629550,2071,104496,104497.0,SEK
187,14508,0,0,173.0,SEK
188,10487174,7125,100838,100838.0,SEK
189,17355,0,0,131.0,SEK
190,1017862,2414,53571,53572.0,SEK
191,3180010,1592,132500,132500.0,SEK
192,5826,0,0,153.0,SEK
193,7486891,3677,49912,49913.0,SEK
194,1585834,3501,31716,31717.0,SEK
195,8203422,5550,102542,102543.0,SEK
196,7715691,4450,101522,101522.0,SEK
197,2912571,3434,33097,33097.0,SEK
198,14319,0,0,143.0,SEK
199,1528538,1189,84918,84919.0,SEK
200,5155521,5952,45223,45224.0,SEK
201,1845206,1914,48558,48558.0,SEK
202,6371111,3715,40840,40840.0,SEK
203,3899623,6882,33909,33910.0,SEK
204,3623356,2510,72467,72467.0,SEK
205,12032855,7274,87194,87195.0,SEK
206,10278028,2270,95166,95167.0,SEK
207,7394417,5636,98592,98592.0,SEK
208,1702774,1925,68110,68111.0,SEK
209,2801838,1790,103771,103772.0,SEK
210,6036306,3957,91459,91459.0,SEK
211,10035365,2175,100353,100354.0,SEK
212,1932510,3031,42011,42011.0,SEK
213,2750203,4210,119574,119574.0,SEK
214,7858975,3441,82726,82726.0,SEK
215,5755,0,0,125.0,SEK
216,3284642,1668,58654,58654.0,SEK
217,21147,0,0,147.0,SEK
218,7875825,9864,54693,54693.0,SEK
219,1438914,1611,55342,55343.0,SEK
220,3253005,2513,35358,35359.0,SEK
221,1017903,1589,48471,48472.0,SEK
222,7643727,3495,97996,97996.0,SEK
223,1023863,3953,36566,36567.0,SEK
224,1952748,2963,92988,92988.0,SEK
225,6058654,3936,60586,60587.0,SEK
226,2110037,1646,37018,37018.0,SEK
227,2828580,4194,37218,37218.0,SEK
228,8233825,4139,79171,79171.0,SEK
229,5668,0,0,149.0,SEK
230,3914388,1662,51505,51505.0,SEK
231,7978092,3655,126636,126636.0,SEK
232,7558481,2562,48451,48452.0,SEK
233,16434,0,0,152.0,SEK
234,12991149,4431,112966,112967.0,SEK
235,8311860,8978,55412,55412.0,SEK
236,4236143,5438,54309,54310.0,SEK
237,4891494,1754,106336,106337.0,SEK
238,9465,0,0,137.0,SEK
239,12023760,3099,126565,126566.0,SEK
240,5648592,2396,47071,47072.0,SEK
241,2741080,2718,76141,76141.0,SEK
242,10727,0,0,134.0,SEK
243,3062117,2921,72907,72908.0,SEK
244,3357907,2336,46637,46638.0,SEK
245,8283414,1756,53098,53099.0,SEK
246,12019,0,0,150.0,SEK
247,6313,0,0,166.0,SEK
248,4860429,5100,45003,45004.0,SEK
249,17183538,8486,122739,122740.0,SEK
250,3349415,1193,128823,128824.0,SEK
251,11639269,9433,74610,74611.0,SEK
252,2807727,2659,73887,73888.0,SEK
253,1014034,3276,46092,46092.0,SEK
254,2763049,2696,53135,53136.0,SEK
255,3286,0,0,122.0,SEK
256,3886295,3086,38862,38863.0,SEK
257,11506513,4445,73759,73760.0,SEK
258,1508878,2522,68585,68585.0,SEK
259,6779193,1577,64563,64564.0,SEK
260,4431391,2535,46646,46646.0,SEK
261,10784078,12053,69128,69129.0,SEK
262,8699097,4045,91569,91569.0,SEK
263,2170103,3808,34446,34446.0,SEK
264,10301122,3961,103011,103011.0,SEK
265,6277646,3120,74733,74734.0,SEK
266,4334548,3001,98512,98512.0,SEK
267,2658594,1606,53171,53172.0,SEK
268,1675034,2612,69793,69793.0,SEK
269,3062650,1655,85073,85074.0,SEK
270,9034760,8774,68445,68445.0,SEK
271,13146,0,0,173.0,SEK
272,799044,1457,38049,38050.0,SEK
273,810508,1369,40525,40525.0,SEK
274,11396692,3766,129507,129508.0,SEK
275,4953922,3961,91739,91739.0,SEK
276,9431036,10193,62873,62874.0,SEK
277,1794151,1211,89707,89708.0,SEK
278,15676,0,0,140.0,SEK
279,8689452,3098,66841,66842.0,SEK
280,3710448,4370,38650,38650.0,SEK
281,5276,0,0,132.0,SEK
282,2163237,1558,54080,54081.0,SEK
283,5805018,3467,46071,46072.0,SEK
284,7061557,2786,76756,76756.0,SEK
285,9019509,2747,72156,72156.0,SEK
286,9269890,3767,105339,105340.0,SEK
287,7069435,1692,56555,56555.0,SEK
288,3605636,2646,40973,40973.0,SEK
289,4063518,5360,32508,32508.0,SEK
290,1579902,3580,34345,34346.0,SEK
291,1397888,1381,69894,69894.0,SEK
292,10935,0,0,152.0,SEK
293,1590378,1732,66265,66266.0,SEK
294,7538454,2567,119658,119658.0,SEK
295,1278262,3814,45652,45652.0,SEK
296,14019000,2393,127445,127445.0,SEK
297,3149695,3829,71583,71584.0,SEK
298,5366492,3016,99379,99379.0,SEK
299,6590292,3437,52722,52722.0,SEK
300,14305,0,0,138.0,SEK
301,3801,0,0,165.0,SEK
302,673959,1306,37442,37442.0,SEK
303,14172724,7976,90850,90851.0,SEK
304,3905,0,0,178.0,SEK
305,4087670,2619,40876,40877.0,SEK
306,15621,0,0,149.0,SEK
307,11371460,4010,126349,126350.0,SEK
308,1256571,2210,50262,50263.0,SEK
309,2291078,2469,42427,42427.0,SEK
310,10701442,3004,118904,118905.0,SEK
311,9660136,3808,105001,105001.0,SEK
312,21078,0,0,125.0,SEK
313,12909829,7449,103278,103279.0,SEK
314,14428,0,0,178.0,SEK
315,11371,0,0,158.0,SEK
316,3913668,2446,48920,48921.0,SEK
317,6810,0,0,179.0,SEK
318,11159765,9402,74398,74398.0,SEK
319,3247686,2518,42732,42733.0,SEK
320,3784442,2335,50459,50459.0,SEK
321,3237550,2750,80938,80939.0,SEK
322,21936,0,0,169.0,SEK
323,2365683,2713,56325,56326.0,SEK
324,12459585,2966,76911,76911.0,SEK
325,4629301,2755,44088,44089.0,SEK
326,8597126,8789,51173,51173.0,SEK
327,1412620,2936,32105,32105.0,SEK
328,7841904,1879,93356,93356.0,SEK
329,2572666,3605,45940,45940.0,SEK
330,27218,0,0,162.0,SEK
331,10838052,6694,90317,90317.0,SEK
332,6382285,3655,127645,127646.0,SEK
333,926823,2356,51490,51490.0,SEK
334,6775747,3263,112929,112929.0,SEK
335,1522153,1583,60886,60886.0,SEK
336,7025636,3879,50183,50183.0,SEK
337,3037,0,0,121.0,SEK
338,3992416,2634,42025,42025.0,SEK
339,20485,0,0,131.0,SEK
340,10842407,3366,86739,86739.0,SEK
341,16304,0,0,124.0,SEK
342,20956532,3735,124741,124741.0,SEK
343,4147927,4321,31907,31907.0,SEK
344,5894149,2839,75566,75566.0,SEK
345,7330595,4253,128606,128607.0,SEK
346,10722,0,0,179.0,SEK
347,17544,0,0,169.0,SEK
348,7734495,2534,46038,46039.0,SEK
349,3439179,4004,63688,63688.0,SEK
350,10219224,5555,81104,81105.0,SEK
351,3795513,3671,45184,45185.0,SEK
352,16965,0,0,163.0,SEK
353,1153972,1831,44383,44384.0,SEK
354,3705,0,0,161.0,SEK
355,4150245,4489,37055,37056.0,SEK
356,3060974,3664,72880,72880.0,SEK
357,1638843,2059,43127,43127.0,SEK
358,6861,0,0,172.0,SEK
359,2368989,3293,107681,107681.0,SEK
360,26625,0,0,164.0,SEK
361,3944070,2060,36519,36519.0,SEK
362,11189951,1759,66606,66607.0,SEK
363,7733261,5113,92062,92063.0,SEK
364,5447630,3414,48639,48640.0,SEK
365,8320196,5651,63031,63032.0,SEK
366,4996759,1992,59485,59485.0,SEK
367,4121115,3063,98121,98122.0,SEK
368,4988699,4717,59389,59389.0,SEK
369,9628918,3534,64192,64193.0,SEK
370,4422899,2842,54603,54604.0,SEK
371,1305403,4155,59336,59336.0,SEK
372,9197,0,0,177.0,SEK
373,5549769,4134,69372,69372.0,SEK
374,5517,0,0,125.0,SEK
375,2021436,2417,91883,91883.0,SEK
376,14222,0,0,155.0,SEK
377,4177683,3000,54969,54970.0,SEK
378,17641,0,0,168.0,SEK
379,19211,0,0,172.0,SEK
380,5154,0,0,143.0,SEK
381,12782857,6168,91306,91306.0,SEK
382,2907697,3143,44056,44056.0,SEK
383,7639,0,0,166.0,SEK
384,15523,0,0,135.0,SEK
385,7711850,3351,59321,59322.0,SEK
386,8077,0,0,168.0,SEK
387,7757,0,0,155.0,SEK
388,10520179,7632,91479,91480.0,SEK
389,5240275,2471,119097,119097.0,SEK
390,7302976,5304,73029,73030.0,SEK
391,4012493,3566,47767,47768.0,SEK
392,5428697,1682,82252,82253.0,SEK
393,19264,0,0,153.0,SEK
394,5932876,2980,114093,114094.0,SEK
395,4213551,3154,70225,70226.0,SEK
396,4061395,2054,84612,84612.0,SEK
397,9347935,2719,74783,74783.0,SEK
398,3999955,4095,90908,90908.0,SEK
399,4855520,8498,35184,35185.0,SEK
400,13965591,2916,121439,121440.0,SEK
401,7205309,4265,100073,100074.0,SEK
402,4890798,3410,111154,111154.0,SEK
403,1151782,3659,46071,46071.0,SEK
404,2836296,4267,35016,35016.0,SEK
405,4125628,1645,82512,82513.0,SEK
406,10601463,4391,132518,132518.0,SEK
407,3619924,1864,95261,95261.0,SEK
408,4553468,6233,45534,45535.0,SEK
409,5848445,1794,51302,51302.0,SEK
410,9002,0,0,150.0,SEK
411,4428864,2839,105449,105449.0,SEK
412,9986116,4185,76816,76816.0,SEK
413,8392,0,0,150.0,SEK
414,13805389,3983,115044,115045.0,SEK
415,5869705,6149,61786,61786.0,SEK
416,4915136,3097,86230,86230.0,SEK
417,9675057,1981,105163,105164.0,SEK
418,1993634,1861,71201,71201.0,SEK
419,8609103,5613,75518,75518.0,SEK
420,927193,1532,38633,38633.0,SEK
421,935190,1672,34636,34637.0,SEK
422,2862409,3379,59633,59634.0,SEK
423,2177272,2525,38879,38880.0,SEK
424,10671561,4971,106715,106716.0,SEK
425,3615188,5832,45189,45190.0,SEK
426,3266360,3510,47338,47339.0,SEK
427,7318752,6849,60989,60990.0,SEK
428,6508511,4045,85638,85638.0,SEK
429,3296979,2664,86762,86763.0,SEK
430,19982,0,0,139.0,SEK
431,6080012,5621,67555,67556.0,SEK
432,22630,0,0,168.0,SEK
433,7180941,6228,71809,71809.0,SEK
434,11180073,7485,103519,103519.0,SEK
435,1936357,1551,71716,71717.0,SEK
436,1288614,2626,32215,32215.0,SEK
437,4370064,2973,95001,95001.0,SEK
438,2166,0,0,120.0,SEK
439,5083828,3456,33892,33892.0,SEK
440,2705969,1784,34691,34692.0,SEK
441,8427559,9181,56183,56184.0,SEK
442,3935849,6020,46855,46855.0,SEK
443,12862768,1942,123680,123680.0,SEK
444,5428871,3035,118018,118019.0,SEK
445,4297405,6292,51159,51160.0,SEK
446,13200508,2503,132005,132005.0,SEK
447,936284,4327,37451,37451.0,SEK
448,2671801,2437,102761,102762.0,SEK
449,13198,0,0,127.0,SEK
450,1013310,3120,53332,53332.0,SEK
451,12618862,3194,97068,97068.0,SEK
452,6954082,4405,64389,64390.0,SEK
453,4653333,3104,51703,51704.0,SEK
454,3294865,1826,52299,52299.0,SEK
455,16428,0,0,164.0,SEK
456,4603932,11171,30692,30693.0,SEK
457,11537,0,0,154.0,SEK
458,11009,0,0,160.0,SEK
459,5274500,3106,65931,65931.0,SEK
460,11666,0,0,162.0,SEK
461,21958,0,0,176.0,SEK
462,7687876,5615,91522,91522.0,SEK
463,3203921,3571,32039,32039.0,SEK
464,5015325,4640,46438,46438.0,SEK
465,5750972,2464,119811,119812.0,SEK
466,3604177,3789,72083,72084.0,SEK
467,2788,0,0,121.0,SEK
468,1145376,3317,49798,49799.0,SEK
469,6142437,2569,113748,113749.0,SEK
470,9265342,3042,71271,71272.0,SEK
471,2442240,998,106184,106184.0,SEK
472,11629885,4048,129220,129221.0,SEK
473,3533976,3180,67961,67961.0,SEK
474,4561265,3877,60816,60817.0,SEK
475,3660105,3138,55456,55456.0,SEK
476,3535496,2600,70709,70710.0,SEK
477,4796970,3843,95939,95939.0,SEK
478,13787,0,0,164.0,SEK
479,9096057,1623,108286,108286.0,SEK
480,5030077,4319,88246,88247.0,SEK
481,5042,0,0,120.0,SEK
482,1127210,917,62622,62623.0,SEK
483,9128516,2391,114106,114106.0,SEK
484,1325137,3209,47326,47326.0,SEK
485,9688275,1570,119608,119608.0,SEK
486,5338499,10432,39544,39544.0,SEK
487,7111,0,0,155.0,SEK
488,4011287,3391,80225,80226.0,SEK
489,6308883,3005,112658,112659.0,SEK
490,6654694,1742,49294,49294.0,SEK
491,7473496,6487,74734,74735.0,SEK
492,1308474,1515,68867,68867.0,SEK
493,1618677,4361,64747,64747.0,SEK
494,15833829,9101,125665,125665.0,SEK
495,16655,0,0,121.0,SEK
496,17886,0,0,179.0,SEK
497,10842746,9385,83405,83406.0,SEK
498,1845472,1793,43939,43940.0,SEK
499,2558318,3392,53298,53298.0,SEK
500,23816,0,0,142.0,SEK
501,6447017,2630,67156,67156.0,SEK
502,16246973,3144,124976,124977.0,SEK
503,2026768,3782,40535,40535.0,SEK
504,3827417,4283,47252,47252.0,SEK
505,1895287,2152,37905,37906.0,SEK
506,1021891,1223,56771,56772.0,SEK
507,4691556,4204,49384,49385.0,SEK
508,4988,0,0,139.0,SEK
509,14606,0,0,140.0,SEK
510,898593,4348,44929,44930.0,SEK
511,4152455,3429,76897,76897.0,SEK
512,5365,0,0,134.0,SEK
513,2346981,2679,46939,46940.0,SEK
514,6925011,1890,128240,128241.0,SEK
515,3565895,3955,71317,71318.0,SEK
516,1836319,1144,68011,68012.0,SEK
517,7923148,7242,62882,62882.0,SEK
518,5963896,3003,54217,54217.0,SEK
519,5307009,4533,50542,50543.0,SEK
520,4035027,8152,33625,33625.0,SEK
521,9682560,4172,70163,70163.0,SEK
522,4550963,4347,51715,51715.0,SEK
523,8379188,1936,80569,80569.0,SEK
524,5312236,2659,63240,63241.0,SEK
525,4856474,2569,60705,60706.0,SEK
526,14147556,2367,117896,117896.0,SEK
527,5183253,2930,49364,49364.0,SEK
528,5369,0,0,134.0,SEK
529,12744769,4157,98036,98037.0,SEK
530,2072481,2800,49344,49345.0,SEK
531,3463320,2953,42757,42757.0,SEK
532,5422669,1623,51644,51644.0,SEK
533,22488,0,0,173.0,SEK
534,11064,0,0,132.0,SEK
535,5063551,2154,70327,70327.0,SEK
536,2821501,3723,61336,61337.0,SEK
537,8200771,2280,86323,86324.0,SEK
538,7708866,3048,107067,107068.0,SEK
539,2337008,3581,46740,46740.0,SEK
540,4309911,6103,37806,37806.0,SEK
541,2246587,3453,35660,35660.0,SEK
542,1386274,1306,49509,49510.0,SEK
543,1762878,1592,76646,76647.0,SEK
544,3143832,3895,56139,56140.0,SEK
545,2284366,2346,42303,42303.0,SEK
546,4496434,3476,83267,83267.0,SEK
547,2252449,4075,35753,35753.0,SEK
548,6945755,8496,42875,42875.0,SEK
549,1646541,2458,43330,43330.0,SEK
550,3723,0,0,155.0,SEK
551,2336939,3213,43276,43277.0,SEK
552,9329234,3694,70676,70676.0,SEK
553,1746813,3944,91937,91938.0,SEK
554,2313516,3848,52579,52580.0,SEK
555,6698,0,0,140.0,SEK
556,2416944,2110,33568,33569.0,SEK
557,3670930,3741,45886,45887.0,SEK
558,896707,4448,37362,37363.0,SEK
559,3186,0,0,133.0,SEK
560,1334683,1829,53387,53387.0,SEK
561,13560,0,0,136.0,SEK
562,5527590,4373,73701,73701.0,SEK
563,14962235,2891,124685,124685.0,SEK
564,4260375,3710,118343,118344.0,SEK
565,13916,0,0,129.0,SEK
566,4526,0,0,174.0,SEK
567,2529346,4201,40148,40148.0,SEK
568,5342322,3776,39572,39573.0,SEK
569,11064668,2187,88517,88517.0,SEK
570,3198652,1783,57118,57119.0,SEK
571,11321993,9096,87092,87092.0,SEK
572,12028537,4384,125297,125297.0,SEK
573,13405416,2371,117591,117591.0,SEK
574,20983,0,0,150.0,SEK
575,6205666,2507,36938,36938.0,SEK
576,5503817,2591,65521,65522.0,SEK
577,8114592,5937,75135,75135.0,SEK
578,3699300,3617,44039,44039.0,SEK
579,7243389,4077,76246,76246.0,SEK
580,11413966,1684,86469,86469.0,SEK
581,2144317,1604,79419,79419.0,SEK
582,11731296,3386,108623,108623.0,SEK
583,3312498,2300,44166,44167.0,SEK
584,5051255,1934,88618,88619.0,SEK
585,6441376,4217,119284,119285.0,SEK
586,2688862,3575,47173,47173.0,SEK
587,12429968,7610,82866,82866.0,SEK
588,7388186,5137,73881,73882.0,SEK
589,1382936,2072,51219,51220.0,SEK
590,843099,3505,46838,46839.0,SEK
591,1326558,1856,47377,47377.0,SEK
592,1645427,2138,41135,41136.0,SEK
593,7386129,2680,49240,49241.0,SEK
594,12428,0,0,138.0,SEK
595,2116943,1597,55709,55709.0,SEK
596,9286,0,0,155.0,SEK
597,3979554,3244,69816,69817.0,SEK
598,6384656,5844,79808,79808.0,SEK
599,2803720,1247,127441,127442.0,SEK
600,7269205,2234,53845,53846.0,SEK
601,5496799,3955,114516,114517.0,SEK
602,8646656,8545,75847,75848.0,SEK
603,8760,0,0,175.0,SEK
604,3459973,4258,61785,61785.0,SEK
605,7478,0,0,150.0,SEK
606,9371032,5317,120141,120141.0,SEK
607,9022089,4496,65377,65377.0,SEK
608,3732635,6675,41473,41474.0,SEK
609,6033990,2009,48271,48272.0,SEK
610,5975818,3379,44265,44265.0,SEK
611,3146604,2715,125864,125864.0,SEK
612,19167,0,0,139.0,SEK
613,8524899,1821,74779,74780.0,SEK
614,1231190,1463,45599,45600.0,SEK
615,17466,0,0,121.0,SEK
616,3775858,2259,32833,32834.0,SEK
617,1106904,1282,44276,44276.0,SEK
618,13842,0,0,154.0,SEK
619,2920,0,0,127.0,SEK
620,6612277,7279,66122,66123.0,SEK
621,1961542,2771,51619,51620.0,SEK
622,5497688,2379,96450,96451.0,SEK
623,8769010,4446,52196,52196.0,SEK
624,4080682,4083,54409,54409.0,SEK
625,4998864,4285,66651,66652.0,SEK
626,2504772,4106,50095,50095.0,SEK
627,12349286,4782,123492,123493.0,SEK
628,11246180,8597,93718,93718.0,SEK
629,2463885,1586,94764,94765.0,SEK
630,5001416,3360,54363,54363.0,SEK
631,5895150,4267,117903,117903.0,SEK
632,16095,0,0,155.0,SEK
633,10868659,1961,69670,69671.0,SEK
634,1977444,2840,52038,52038.0,SEK
635,18384751,2917,122565,122565.0,SEK
636,10993,0,0,174.0,SEK
637,12169156,1574,97353,97353.0,SEK
638,4795410,2572,34749,34749.0,SEK
639,23623,0,0,179.0,SEK
640,3018714,4125,41926,41927.0,SEK
641,6390488,5832,47336,47337.0,SEK
642,7188546,6113,81688,81688.0,SEK
643,7318277,1863,67761,67762.0,SEK
644,20123,0,0,134.0,SEK
645,5052129,5544,52626,52626.0,SEK
646,5010254,3129,52739,52740.0,SEK
647,1004133,4433,52849,52849.0,SEK
648,3385581,3401,130214,130215.0,SEK
649,6016381,5952,48131,48131.0,SEK
650,6317,0,0,137.0,SEK
651,8132451,4051,101655,101656.0,SEK
652,14536,0,0,158.0,SEK
653,15581,0,0,150.0,SEK
654,16081,0,0,128.0,SEK
655,3478,0,0,174.0,SEK
656,15138,0,0,138.0,SEK
657,3675935,3214,35345,35346.0,SEK
658,9338,0,0,148.0,SEK
659,4625777,4657,73425,73425.0,SEK
660,1335836,2258,35153,35154.0,SEK
661,4226354,3404,54184,54184.0,SEK
662,13790052,8209,114917,114917.0,SEK
663,24887,0,0,160.0,SEK
664,921705,4222,43890,43891.0,SEK
665,9023369,10722,57842,57842.0,SEK
666,6983476,2432,129323,129324.0,SEK
667,11521,0,0,121.0,SEK
668,2929447,4123,30515,30515.0,SEK
669,4681491,4596,67847,67848.0,SEK
670,9351,0,0,130.0,SEK
671,5039953,4074,62221,62222.0,SEK
672,3434855,5829,40891,40891.0,SEK
673,3977385,1529,63133,63133.0,SEK
674,5630349,6157,67027,67028.0,SEK
675,2043936,2145,92906,92906.0,SEK
676,8509655,11003,54549,54549.0,SEK
677,8584762,4027,102199,102200.0,SEK
678,4991041,2801,44562,44563.0,SEK
679,2765149,4035,32918,32918.0,SEK
680,1793398,1557,35867,35868.0,SEK
681,2827308,3419,61463,61463.0,SEK
682,15382,0,0,142.0,SEK
683,5365984,6659,35773,35773.0,SEK
684,5503687,5911,68796,68796.0,SEK
685,6870841,5697,54966,54967.0,SEK
686,2576833,1747,107368,107368.0,SEK
687,27674,0,0,177.0,SEK
688,4996616,3003,47586,47587.0,SEK
689,4171292,3778,109770,109771.0,SEK
690,3971919,3587,86346,86346.0,SEK
691,7029084,2343,46860,46861.0,SEK
692,3616115,5883,37667,37668.0,SEK
693,3182713,4607,42436,42436.0,SEK
694,12052620,6266,96420,96421.0,SEK
695,5416882,2626,49244,49244.0,SEK
696,13550,0,0,130.0,SEK
697,3059637,3077,53677,53678.0,SEK
698,17677642,3232,128098,128099.0,SEK
699,2855542,3873,79320,79321.0,SEK
700,4122680,4387,54969,54969.0,SEK
701,2558343,3551,32799,32799.0,SEK
702,3421123,1212,131581,131582.0,SEK
703,3660732,4937,45759,45759.0,SEK
704,6615349,1514,44102,44102.0,SEK
705,2446261,3664,43683,43683.0,SEK
706,5047,0,0,126.0,SEK
707,8887378,2535,116939,116939.0,SEK
708,1663664,1616,69319,69319.0,SEK
709,4886513,4067,122162,122163.0,SEK
710,12078640,10458,83879,83879.0,SEK
711,1534204,4481,61368,61368.0,SEK
712,2047049,4328,97478,97479.0,SEK
713,928252,4234,38677,38677.0,SEK
714,7589033,1591,126483,126484.0,SEK
715,10143178,1602,72451,72451.0,SEK
716,11781,0,0,164.0,SEK
717,1713624,3646,45095,45095.0,SEK
718,11186777,6073,117755,117756.0,SEK
719,28140,0,0,174.0,SEK
720,1416095,1597,50574,50575.0,SEK
721,2076505,3721,45141,45141.0,SEK
722,3364,0,0,153.0,SEK
723,2485766,3076,36025,36026.0,SEK
724,12758638,2337,115987,115988.0,SEK
725,5026732,3768,88188,88188.0,SEK
726,2068480,3012,49249,49250.0,SEK
727,13691,0,0,122.0,SEK
728,2213946,2527,50316,50317.0,SEK
729,1939029,4143,38780,38781.0,SEK
730,2685460,3767,33568,33568.0,SEK
731,689686,4223,32842,32842.0,SEK
732,2139378,1794,112598,112599.0,SEK
733,1225792,1700,64515,64515.0,SEK
734,10230050,2772,116250,116251.0,SEK
735,5293011,3250,120295,120296.0,SEK
736,4348253,4796,65882,65883.0,SEK
737,7286762,3143,76702,76703.0,SEK
738,18777,0,0,171.0,SEK
739,7320171,3883,87144,87145.0,SEK
740,10368233,4436,103682,103682.0,SEK
741,3253,0,0,136.0,SEK
742,8261603,4488,73764,73764.0,SEK
743,5298024,4261,35320,35320.0,SEK
744,8969998,2288,71759,71760.0,SEK
745,1029382,3907,49018,49018.0,SEK
746,3388,0,0,121.0,SEK
747,1589028,3800,44139,44140.0,SEK
748,3362416,5321,40028,40029.0,SEK
749,14653,0,0,136.0,SEK
750,3995625,3367,47566,47567.0,SEK
751,922021,3776,43905,43906.0,SEK
752,3026201,1252,131573,131574.0,SEK
753,22749,0,0,152.0,SEK
754,15381,0,0,146.0,SEK
755,1408672,2695,37070,37070.0,SEK
756,5579169,3289,107291,107292.0,SEK
757,1913814,3091,33575,33576.0,SEK
758,13444392,7783,122221,122222.0,SEK
759,8613966,2012,124840,124840.0,SEK
760,6402,0,0,152.0,SEK
761,9038,0,0,131.0,SEK
762,3539783,5903,42140,42140.0,SEK
763,3269,0,0,163.0,SEK
764,6640358,3516,46113,46114.0,SEK
765,6083,0,0,132.0,SEK
766,2506258,4292,92824,92824.0,SEK
767,3058140,1321,113264,113264.0,SEK
768,3664277,2240,39829,39829.0,SEK
769,6080896,4023,46776,46776.0,SEK
770,6186415,6010,49491,49491.0,SEK
771,17693,0,0,177.0,SEK
772,7499,0,0,179.0,SEK
773,9642,0,0,179.0,SEK
774,5927788,5228,59277,59278.0,SEK
775,7764169,9871,55458,55458.0,SEK
776,833619,1644,32062,32062.0,SEK
777,11738786,3710,130430,130431.0,SEK
778,2734125,2651,75947,75948.0,SEK
779,5158010,3938,57311,57311.0,SEK
780,18305,0,0,163.0,SEK
781,5077561,2524,76932,76933.0,SEK
782,7326736,1921,70449,70449.0,SEK
783,2700712,3125,48227,48227.0,SEK
784,7516606,5638,65935,65935.0,SEK
785,12109,0,0,121.0,SEK
786,7291,0,0,152.0,SEK
787,8769733,9390,70157,70158.0,SEK
788,2431909,1710,31178,31178.0,SEK
789,13491,0,0,173.0,SEK
790,3990214,2953,36946,36946.0,SEK
791,1147419,2837,60390,60390.0,SEK
792,6843,0,0,163.0,SEK
793,5498640,3245,36657,36658.0,SEK
794,7010210,3530,50798,50799.0,SEK
795,10347,0,0,136.0,SEK
796,4094661,4268,52495,52496.0,SEK
797,3161,0,0,126.0,SEK
798,3027638,2395,33640,33640.0,SEK
799,8381273,8885,62083,62084.0,SEK
800,2032544,4154,33875,33876.0,SEK
801,5846223,4177,64958,64958.0,SEK
802,6888204,7485,41001,41001.0,SEK
803,5190188,1553,64877,64877.0,SEK
804,16192,0,0,123.0,SEK
805,12721099,1836,96371,96372.0,SEK
806,1997539,3968,76828,76828.0,SEK
807,8365278,4185,126746,126747.0,SEK
808,17280,0,0,144.0,SEK
809,6577,0,0,143.0,SEK
810,5513099,5816,51047,51047.0,SEK
811,6380,0,0,152.0,SEK
812,1990957,1637,79638,79638.0,SEK
813,12240791,2357,122407,122408.0,SEK
814,4039400,4320,48088,48088.0,SEK
815,4342102,3873,37757,37757.0,SEK
816,4951350,3344,52119,52119.0,SEK
817,17239,0,0,164.0,SEK
818,13418,0,0,172.0,SEK
819,5687245,3724,50778,50779.0,SEK
820,3635,0,0,158.0,SEK
821,13018849,8100,120544,120545.0,SEK
822,3834977,2910,36523,36524.0,SEK
823,1749581,3313,38034,38034.0,SEK
824,6306,0,0,137.0,SEK
825,2654224,4668,34924,34924.0,SEK
826,3750798,3116,69459,69459.0,SEK
827,3617,0,0,129.0,SEK
828,3070943,4379,56869,56869.0,SEK
829,17923,0,0,166.0,SEK
830,11499737,5957,124997,124997.0,SEK
831,6083469,2995,37552,37552.0,SEK
832,20916385,8898,129113,129113.0,SEK
833,8767,0,0,133.0,SEK
834,2005965,2604,95522,95522.0,SEK
835,1780500,1324,77413,77413.0,SEK
836,5981332,2482,46010,46010.0,SEK
837,5471725,4791,54717,54717.0,SEK
838,4718741,6322,52430,52430.0,SEK
839,5021123,6085,38624,38624.0,SEK
840,10132821,5686,105550,105550.0,SEK
841,12505041,2562,111652,111652.0,SEK
842,7183268,3206,99767,99768.0,SEK
843,9944,0,0,127.0,SEK
844,2066717,3260,114817,114818.0,SEK
845,3751,0,0,134.0,SEK
846,4768985,3766,88314,88315.0,SEK
847,19276,0,0,168.0,SEK
848,11278,0,0,150.0,SEK
849,9181342,5870,83466,83467.0,SEK
850,8454,0,0,169.0,SEK
851,7030639,2569,111597,111597.0,SEK
852,768461,2444,42692,42692.0,SEK
853,4957264,2984,68850,68851.0,SEK
854,18383,0,0,170.0,SEK
855,1721211,3361,45295,45295.0,SEK
856,4828564,3568,52484,52484.0,SEK
857,2828,0,0,149.0,SEK
858,3685097,3017,49134,49135.0,SEK
859,1275637,2034,45558,45558.0,SEK
860,3177093,5285,40731,40732.0,SEK
861,7553179,4396,55949,55949.0,SEK
862,4876258,5125,67725,67726.0,SEK
863,7674665,1653,49196,49197.0,SEK
864,2955231,6020,30783,30784.0,SEK
865,12203,0,0,133.0,SEK
866,1423574,1868,52724,52725.0,SEK
867,12694,0,0,163.0,SEK
868,1172259,2622,30848,30849.0,SEK
869,2198826,3765,47800,47801.0,SEK
870,5091046,1837,121215,121215.0,SEK
871,13344804,3930,106758,106758.0,SEK
872,9271,0,0,172.0,SEK
873,855612,3830,37200,37201.0,SEK
874,2254475,3929,45089,45090.0,SEK
875,5306077,2584,51019,51020.0,SEK
876,10610135,3138,115327,115328.0,SEK
877,4085340,7458,34044,34044.0,SEK
878,11631669,8030,96930,96931.0,SEK
879,12814,0,0,128.0,SEK
880,2982377,6491,35504,35504.0,SEK
881,2763710,1707,38384,38385.0,SEK
882,23733,0,0,180.0,SEK
883,1402092,2750,51929,51929.0,SEK
884,7178932,3652,62973,62973.0,SEK
885,4771636,3797,34083,34083.0,SEK
886,1962139,2605,46717,46718.0,SEK
887,889091,1267,49393,49394.0,SEK
888,12260560,10591,85142,85143.0,SEK
889,6717411,3223,93297,93297.0,SEK
890,6661,0,0,145.0,SEK
891,21416,0,0,132.0,SEK
892,4623070,10788,30820,30820.0,SEK
893,16812812,3345,120091,120092.0,SEK
894,16497763,7729,101838,101838.0,SEK
895,7317958,2129,106057,106057.0,SEK
896,12253304,2698,117820,117820.0,SEK
897,6354888,3956,96286,96286.0,SEK
898,8462973,4137,94033,94033.0,SEK
899,3121100,4035,43348,43349.0,SEK
900,7662880,4437,76628,76629.0,SEK
901,5089490,3266,47124,47125.0,SEK
902,14874,0,0,135.0,SEK
903,9649514,6523,96495,96495.0,SEK
904,2835844,3745,64451,64451.0,SEK
905,14064,0,0,122.0,SEK
906,11330139,3817,101161,101162.0,SEK
907,1329119,1529,47468,47469.0,SEK
908,13858848,3370,109990,109991.0,SEK
909,19172,0,0,178.0,SEK
910,6332328,1962,95944,95944.0,SEK
911,1999603,2519,52621,52621.0,SEK
912,3581273,8415,31141,31142.0,SEK
913,11079746,6571,98926,98926.0,SEK
914,2049660,3075,40993,40993.0,SEK
915,21686,0,0,145.0,SEK
916,8407402,4322,84074,84074.0,SEK
917,6728,0,0,160.0,SEK
918,6888,0,0,121.0,SEK
919,1847088,1765,40154,40154.0,SEK
920,9994054,2332,99940,99941.0,SEK
921,21470,0,0,128.0,SEK
922,11299786,7860,75331,75332.0,SEK
923,1959735,3421,48993,48993.0,SEK
924,2690413,4517,44840,44840.0,SEK
925,920413,1547,40017,40018.0,SEK
926,4734,0,0,125.0,SEK
927,5050297,3260,60122,60123.0,SEK
928,1923789,2093,50626,50626.0,SEK
929,8644284,3069,102908,102908.0,SEK
930,3474,0,0,158.0,SEK
931,4061729,1845,58865,58866.0,SEK
932,2778648,1988,51456,51456.0,SEK
933,11929,0,0,153.0,SEK
934,6947072,7244,44532,44533.0,SEK
935,3191238,4375,33591,33592.0,SEK
936,7799212,2527,51994,51995.0,SEK
937,3304755,2185,59013,59013.0,SEK
938,4530169,5008,55928,55928.0,SEK
939,3265,0,0,121.0,SEK
940,8393398,2270,63586,63586.0,SEK
941,2001113,4338,47645,47646.0,SEK
942,5237040,5221,46759,46759.0,SEK
943,3419123,7949,31082,31083.0,SEK
944,4375,0,0,168.0,SEK
945,16065012,8814,102980,102981.0,SEK
946,1460043,2300,69525,69526.0,SEK
947,10918187,5888,109181,109182.0,SEK
948,2415537,5083,33549,33549.0,SEK
949,3469791,3532,45655,45655.0,SEK
950,7669771,1771,58998,58998.0,SEK
951,574315,4429,31906,31906.0,SEK
952,2439898,2101,32103,32104.0,SEK
953,791801,1487,31672,31672.0,SEK
954,7711880,4346,81177,81178.0,SEK
955,17368,0,0,158.0,SEK
956,4531531,3092,80920,80920.0,SEK
957,2978510,3658,55157,55158.0,SEK
958,996199,2036,45281,45282.0,SEK
959,8392171,1887,51803,51804.0,SEK
960,1130363,1628,53826,53827.0,SEK
961,1460328,4422,38429,38430.0,SEK
962,8083,0,0,150.0,SEK
963,16668,0,0,167.0,SEK
964,7557124,2543,60456,60457.0,SEK
965,8384740,8332,74863,74864.0,SEK
966,4157852,6384,45194,45194.0,SEK
967,6743125,3250,76626,76626.0,SEK
968,7193208,8323,57088,57089.0,SEK
969,5696885,5823,54777,54778.0,SEK
970,9395,0,0,125.0,SEK
971,7500,0,0,156.0,SEK
972,1893024,3168,47325,47326.0,SEK
973,5047,0,0,140.0,SEK
974,7794919,2208,72175,72175.0,SEK
975,8703604,9364,66950,66951.0,SEK
976,7693139,6706,76931,76931.0,SEK
977,5212513,4460,34750,34750.0,SEK
978,18180,0,0,152.0,SEK
979,12937749,2961,129377,129377.0,SEK
980,15847863,3344,121906,121907.0,SEK
981,8271643,2335,53023,53023.0,SEK
982,21110,0,0,168.0,SEK
983,2561995,3371,44947,44947.0,SEK
984,7592074,4260,48667,48667.0,SEK
985,10294,0,0,137.0,SEK
986,10619673,10392,65553,65554.0,SEK
987,6020584,3447,52812,52812.0,SEK
988,5009539,3498,39758,39758.0,SEK
989,3509364,1840,70187,70187.0,SEK
990,20562,0,0,132.0,SEK
991,5029234,4076,44903,44904.0,SEK
992,4613874,4023,73236,73236.0,SEK
993,3327,0,0,133.0,SEK
994,4136414,2182,103410,103410.0,SEK
995,13237,0,0,120.0,SEK
996,21248,0,0,170.0,SEK
997,3488,0,0,140.0,SEK
998,1825838,1850,76076,76077.0,SEK
999,6952963,8226,48284,48284.0,SEK
1000,4637145,3304,85873,85873.0,SEK
